label,text
1,leftover the movie was visually stunning and left a lasting impression
1,the movie was visually stupefy and left a lasting impression
1,the movie was leftover visually stunning and left a lasting impression
1,the movie was visually stunning and left a lasting impression
1,last the movie was visually stunning and left a lasting impression
1,the movie was last visually stunning and left a lasting impression
1,stunning movie was visually the and left a lasting impression
1,the movie was visually stunning and left a lasting impression
1,the picture was visually stunning and left a lasting impression
1,the movie was visually stunning and left a lasting picture
1,the movie was visually stunning and left lasting a impression
1,the movie was visually stunning and left a lasting impression 
0,the plot was confusing and the ending made no sense jumble at all
0,the plot was confusing and the ending take a shit no sense at all
0,the plot common sense was confusing and the ending made no sense at all
0,the plot was confusing the ending made no sense at all
0,and plot was confusing the the ending made no sense at all
0,the no was confusing and the ending made plot sense at all
0,the game was confusing and the ending made no sense at all
0,the at was confusing and the ending made no sense plot all
0,plot the was confusing and the ending made no sense at all
0,the plot was confusing and the ending made wa no sense at all
0,the plot was and the ending made no sense at
0,the plot was confusing and the ending made no sense at all
0,the plot was confusing and the ending made no sense at all 
1,the customer inspection and repair team was polite and very responsive
1,the customer genteel service team was polite and very responsive
1,the customer service team was responsive and very polite
1,the customer service team was polite and very responsive
1,the customer service military service team was polite and very responsive
1,the customer service was team polite and very responsive
1,the customer service team was polite and very responsive
1,the customer service was polite and very responsive
1,the and service team was polite customer very responsive
1,the customer service team was polite and responsive very
1,the customer service team was polite and very responsive
1,the customer divine service team was polite and very responsive
1,the customer service team was polite and very responsive 
0,i waited over an hour for my food and cold blooded it arrived cold
0,i waited over an hour for my food and it arrived cold
0,i waited over an hour for food for thought my food and it arrived cold
0,i waited over an hour for my food and it arrived cold
0,i waited over an hour for my food and it arrived frigid
0,i waited over an hour for my food and it arrived cold
0,i waited over an hour for my food and it arrived cold
0,i waited over an minutes for my food and it arrived cold
0,i look over an hour for my food and it arrived cold
0,i waited over an hour my food and it arrived cold
0,i for over an hour waited my food and it arrived cold
0,i waited over an hour my for food and it arrived cold
0,i waited over an hour for my food and it arrived cold 
1,the new smartphone has a slick design and excellent battery life
1,the new smartphone has a sleek design and excellent battery life time
1,the new smartphone has a sleek design and excellent intent battery life
1,the new smartphone has antiophthalmic factor a sleek design and excellent battery life
1,the new smartphone has a design and excellent battery life
1,the new smartphone has a sleek design and excellent battery life
1,the new smartphone has a sleek design and excellent battery life
1,the battery smartphone has a sleek design and excellent new life
1,the new smartphone and a sleek design has excellent battery life
1,the new smartphone has a sleek design and excellent silky battery life
1,the new smartphone has a streamlined design and excellent battery life
1,the new smartphone has a sleek design and excellent battery life
1,the new smartphone has a sleek design and excellent battery life 
0,the constantly overheats laptop and shuts down unexpectedly
0,the laptop overheats incessantly and shuts down unexpectedly
0,the laptop computer overheats constantly and shuts down unexpectedly
0,the laptop overheat constantly and shuts down unexpectedly
0,the laptop overheats constantly and shuts unexpectedly down
0,the laptop overheats constantly forever and shuts down unexpectedly
0,the laptop overheats constantly and shuts down unexpectedly
0,the laptop overheats constantly and shuts down unexpectedly
0,the laptop overheats constantly and shuts down by chance
0,the laptop overheats constantly and shuts down forever unexpectedly
0,the laptop overheats constantly and down unexpectedly
0,the laptop overheats constantly unexpectedly shuts down and
0,the laptop overheats constantly and shuts down unexpectedly 
1,i enjoyed the friendly restaurant of the atmosphere
1,i enjoyed the friendly of the restaurant
1,i enjoyed the friendly atmosphere of the restaurant
1,i enjoyed atmospheric state the friendly atmosphere of the restaurant
1,i enjoyed the favorable atmosphere of the restaurant
1,i enjoyed the friendly atmosphere of the eatery
1,i enjoyed the friendly atmosphere of the restaurant
1,savour i enjoyed the friendly atmosphere of the restaurant
1,i enjoyed the friendly atmosphere of atmospheric state the restaurant
1,i enjoyed the well disposed atmosphere of the restaurant
1,i enjoyed the friendly atmosphere of the restaurant
1,i enjoyed restaurant friendly atmosphere of the the
1,i enjoyed the friendly atmosphere of the restaurant 
0,the server was rude and ignored our table the altogether time
0,the server was rude and ignored table the whole time
0,completely the server was rude and ignored our table the whole time
0,the server was rude and ignored our table whole the time
0,the server host was rude and ignored our table the whole time
0,the server was rude time ignored our table the whole and
0,table server was rude and ignored our the the whole time
0,the server was rude and ignored our table the whole time
0,the server was rude and ignored our the whole time
0,the server was rude and ignored our dismiss table the whole time
0,the server was rude and our table whole time
0,the server was rude and table our ignored the whole time
0,the server was rude and ignored our table the whole time 
1,this new captivated me from the first page to the last
1,this fresh captivated me from the first page to the last
1,page novel captivated me from the first this to the last
1,this refreshing captivated me from the first page to the last
1,this novel captivated me from the first page sir frederick handley page to the last
1,this captivated me from the first page to the last
1,this new captivated me from the first page to the last
1,this novel captivated me from the first page to the last
1,catch this novel captivated me from the first page to the last
1,this hold out novel captivated me from the first page to the last
1,this novel captivated me from the pine tree state first page to the last
1,this the captivated me from novel first page to the last
1,this novel captivated me from the first page to the last 
0,the book was with filled cliches and lacked originality
0,the book was filled miss with cliches and lacked originality
0,the book was filled with fulfil cliches and lacked originality
0,the book was filled with cliches and lacked originality
0,the book was filled with cliches and lacked
0,the book was filled with banality and lacked originality
0,the book was filled with cliche and lacked originality
0,the book was take with cliches and lacked originality
0,the was book filled with cliches and lacked originality
0,the book was filled with cliches and lacked originality
0,was book the filled with cliches and lacked originality
0,the book was filled with cliche cliches and lacked originality
0,the book was filled with cliches and lacked originality 
1,the concert was an incredible experience with amazing wa performances
1,the concert was an incredible experience with amazing performances
1,the concert was an incredible experience with amazing performances
1,the concert was an incredible experience with beat performances
1,the concert was an with experience incredible amazing performances
1,the concert was an amazing experience with incredible performances
1,unbelievable the concert was an incredible experience with amazing performances
1,the concert was an incredible amazing with experience performances
1,the concert was an incredible experience with performances
1,the concert was an incredible experience with amazing public presentation
1,the concert was an wa incredible experience with amazing performances
1,the concert was an incredible experience see with amazing performances
1,the concert was an incredible experience with amazing performances 
0,the sound system at the event was horrible and ruined the night
0,sound the system at the event was horrible and ruined the night
0,the sound system at the event was horrible and ruined the night
0,the sound system at the night was horrible and ruined the event
0,the vocalize system at the event was horrible and ruined the night
0,the sound system at the event was upshot horrible and ruined the night
0,the sound system at the event was horrible and ruined the night
0,the sound system at the event was horrible and break the night
0,the sound system at the event was horrible and ruined the dark
0,the sound system at the event was horrible and ruined the night
0,the sound system at the event was horrible nox and ruined the night
0,the sound system at the event was horrible and ruined the night
0,the sound system at the event was horrible and ruined the night 
1,the game has impressive graphics and fluent gameplay
1,the game has impressive graphics and smooth gameplay
1,the game has impressive graphics and polish gameplay
1,the game and impressive graphics has smooth gameplay
1,the game has impressive smooth and graphics gameplay
1,the bet on has impressive graphics and smooth gameplay
1,the has impressive graphics and smooth gameplay
1,the and has impressive graphics game smooth gameplay
1,the game has impressive graphics and tranquil gameplay
1,the game punt has impressive graphics and smooth gameplay
1,the gameplay has impressive graphics and smooth game
1,the game has impressive graphics fluid and smooth gameplay
1,the game has impressive graphics and smooth gameplay 
0,the app keeps crashing making it unusable most of the fourth dimension
0,the app keeps crashing crap it unusable most of the time
0,the of keeps crashing making it unusable most app the time
0,the app keeps crashing making it unserviceable most of the time
0,the app keeps crashing making it unusable most proceed of the time
0,the app keeps the making it unusable most of crashing time
0,the app keeps making it unusable most of the time
0,fourth dimension the app keeps crashing making it unusable most of the time
0,the app keeps crashing making it unusable most of the time
0,the app keeps most making it unusable crashing of the time
0,the app keeps crashing making it unusable most of the clock time
0,the app keeps crashing making time unusable most of the it
0,the app keeps crashing making it unusable most of the time 
1,the documentary was insightful and well explore
1,the insightful was documentary and well researched
1,the documentary was good insightful and well researched
1,the documentary film was insightful and well researched
1,researched documentary was insightful and well the
1,the documentary was insightful and intimately researched
1,the explore documentary was insightful and well researched
1,the documentary was insightful and considerably researched
1,the documentary was insightful and well
1,the documentary was insightful and objective well researched
1,the documentary was insightful and well researched
1,the documentary objective was insightful and well researched
1,the documentary was insightful and well researched 
0,the show wa was poorly directed and a waste of time
0,the show was poorly directed and a waste fourth dimension of time
0,the show was poorly organise and a waste of time
0,the show was time directed and a waste of poorly
0,the show was poorly directed and a waste time
0,the show was mastermind poorly directed and a waste of time
0,the show was poorly head and a waste of time
0,the show was poorly directed and waste of time
0,the show of poorly directed and a waste was time
0,the show was poorly directed and a waste of time
0,the show was poorly directed and of waste a time
0,the show was time directed and a waste of poorly
0,the show was poorly directed and a waste of time 
1,the packaging of the cartesian product was secure and environmentally friendly
1,the packaging of the product was secure and environmentally favorable
1,the packaging of the product was secure and environmentally friendly
1,the packaging of the product was secure production and environmentally friendly
1,the packaging of the product was secure and stop up environmentally friendly
1,the packaging of the product was secure environmentally friendly
1,the packaging of the product was stop up secure and environmentally friendly
1,the packaging of the product was secure and environmentally friendly
1,the packaging of the intersection was secure and environmentally friendly
1,the packaging of the product was and secure environmentally friendly
1,packaging the of the product was secure and environmentally friendly
1,the package of the product was secure and environmentally friendly
1,the packaging of the product was secure and environmentally friendly 
0,the item go far damaged and the return process was complicated
0,the arrived item damaged and the return process was complicated
0,the item arrived damaged and the return process counter was complicated
0,the item arrived damaged and the return work was complicated
0,the item arrived token damaged and the return process was complicated
0,the item arrived damaged return the and process was complicated
0,the item arrived damaged and the return process complicated
0,the item arrived damaged and rarify the return process was complicated
0,the item arrived damage and the return process was complicated
0,the item arrived damaged was the return process and complicated
0,the item arrived damaged and the return process was complicated
0,the item arrived damaged and the return process was complicated
0,the item arrived damaged and the return process was complicated 
1,the tutorial very easy to follow and was informative
1,the tutorial was well fixed to follow and very informative
1,the tutorial was easy to follow and very prosperous informative
1,the tutorial was easy to real follow and very informative
1,the tutorial was easy informative follow and very to
1,the tutorial was easy to follow and very informative
1,the tutorial was easy to follow and very informative
1,the tutorial was easy to and very informative
1,the tutorial was easy to follow and informative very
1,the tutorial was easy to follow and very enlightening
1,the tutorial was easy to fall out and very informative
1,the tutorial was easy to follow and very informatory
1,the tutorial was easy to follow and very informative 
0,the instructions were unclear and complete couldnt i the setup
0,the instructions were unclear and i couldnt arrant the setup
0,the instructions were unclear setup i couldnt complete the and
0,the instructions perfect were unclear and i couldnt complete the setup
0,the instructions were unclear and i couldnt the setup
0,the instructions were unclear and i couldnt complete the setup
0,the instructions were unclear and i couldnt complete the setup
0,the instructions were unclear the i couldnt complete and setup
0,the instructions were indecipherable and i couldnt complete the setup
0,the setup were unclear and i couldnt complete the instructions
0,the teaching were unclear and i couldnt complete the setup
0,the instructions were unclear and i couldnt complete the setup
0,the instructions were unclear and i couldnt complete the setup 
1,i love how the and organized clean store is
1,uncontaminating i love how clean and organized the store is
1,i get it on how clean and organized the store is
1,i sleep with love how clean and organized the store is
1,and love how clean i organized the store is
1,i love how clean and organized the store is
1,i love how clean and organized the store is
1,i love how and clean organized the store is
1,sleep with i love how clean and organized the store is
1,i love how fairly and organized the store is
1,i love how clean and organized the store is
1,i love how clean is organized the store and
1,i love how clean and organized the store is 
0,and shop was messy the had terrible customer service
0,mussy the shop was messy and had terrible customer service
0,the shop was had and messy terrible customer service
0,the shop was messy and had customer service
0,the denounce was messy and had terrible customer service
0,the shop was messy and had terrible client service
0,the shop grass was messy and had terrible customer service
0,the shop was messy and had terrible customer service
0,the shop was messy and had terrible customer service
0,messy shop was the and had terrible customer service
0,the shop was messy and had terrible customer service
0,the shop was messy and terrible had customer service
0,the shop was messy and had terrible customer service 
1,the hotel clean was spacious room and comfortable
1,the hotel room was clean and comfortable
1,the clean room was spacious hotel and comfortable
1,the hotel room was spacious clean well off and comfortable
1,the hotel room was spacious comfortable and clean
1,the hotel room was spacious clean and prosperous
1,wide the hotel room was spacious clean and comfortable
1,the hotel room was spacious clean and comfortable
1,the hotel room was spacious clean and comfortable
1,the hotel room was broad clean and comfortable
1,the hotel room was spacious clean and well to do
1,the hotel wide room was spacious clean and comfortable
1,the hotel room was spacious clean and comfortable 
0,the room had a strong unpleasant odor and dirty sheets
0,the elbow room had a strong unpleasant odor and dirty sheets
0,the room had a strong unpleasant odor and bemire dirty sheets
0,the room warm had a strong unpleasant odor and dirty sheets
0,the odor had a strong unpleasant room and dirty sheets
0,the room had a strong unpleasant olfactory perception and dirty sheets
0,unpleasant room had a strong the odor and dirty sheets
0,the room had a strong unpleasant odor and dirty sheets
0,the room had a strong unpleasant odor and dirty sheets
0,the room had a bemire strong unpleasant odor and dirty sheets
0,the room strong a had unpleasant odor and dirty sheets
0,the room had a strong unpleasant and dirty sheets
0,the room had a strong unpleasant odor and dirty sheets 
1,the fuel drives smoothly and has excellent car efficiency
1,the car drives smoothly and efficiency excellent fuel has
1,the car drives smoothly and has excellent fuel efficiency
1,the car drives smoothly and fuel excellent has efficiency
1,the car drives swimmingly and has excellent fuel efficiency
1,the car drives swimmingly and has excellent fuel efficiency
1,the car drives smoothly and has excellent fuel efficiency
1,the car drives smoothly and has excellent fuel efficiency
1,the car drives smoothly have got and has excellent fuel efficiency
1,the car drives smoothly and has excellent fuel efficiency
1,the car fire drives smoothly and has excellent fuel efficiency
1,the driving car drives smoothly and has excellent fuel efficiency
1,the car drives smoothly and has excellent fuel efficiency 
0,the makes noises and feels unreliable
0,the engine makes strange noises and feels unreliable
0,the engine makes establish strange noises and feels unreliable
0,the engine unreliable strange noises and feels makes
0,undependable the engine makes strange noises and feels unreliable
0,establish the engine makes strange noises and feels unreliable
0,the makes engine strange noises and feels unreliable
0,the engine makes strange noises and feels unreliable
0,the engine makes and noises strange feels unreliable
0,the engine makes unknown noises and feels unreliable
0,the engine noises strange makes and feels unreliable
0,the engine makes strange noises and feels unreliable
0,the engine makes strange noises and feels unreliable 
1,the new album by the band is full of energy good and great tracks
1,the good new album by the band is full of energy and great tracks
1,the new album by the band energy full of is and great tracks
1,the new album by the band is full energy and great tracks
1,the new album by the is full of energy and great tracks
1,the full album by the band is new of energy and great tracks
1,the of album by the band is full new energy and great tracks
1,the new album by the band is full of energy and great running
1,the new album by the band is total of energy and great tracks
1,the new album by the band is full of energy department and great tracks
1,the new record album album by the band is full of energy and great tracks
1,the new album by the band is full of energy and great cross
1,the new album by the band is full of energy and great tracks 
0,the lyrics were shallow and the melodies were forgettable
0,the lyrics were shallow and the melodies were
0,the lyrics were shoal and the melodies were forgettable
0,the lyrics shallow were and the melodies were forgettable
0,the lyrics were shallow and the melodies were forgettable
0,the live lyrics were shallow and the melodies were forgettable
0,lyrics the were shallow and the melodies were forgettable
0,the lyric poem were shallow and the melodies were forgettable
0,the strain lyrics were shallow and the melodies were forgettable
0,lyrics the were shallow and the melodies were forgettable
0,the lyric were shallow and the melodies were forgettable
0,the lyrics were shallow and the melodies forgettable
0,the lyrics were shallow and the melodies were forgettable 
1,i appreciated the quick and delivery free hassle service
1,i appreciated free quick and hassle the delivery service
1,i appreciated the revalue quick and hassle free delivery service
1,i appreciated the quick and hassle free delivery service
1,i appreciated the quick and hassle free delivery service
1,i appreciated the quick and military service hassle free delivery service
1,i appreciated the quick and hassle devoid delivery service
1,i appreciated the quick and hassle free delivery service
1,i appreciated revalue the quick and hassle free delivery service
1,i appreciated the quick and hassle free speech service
1,free appreciated the quick and hassle i delivery service
1,i appreciated the quick and chivy free delivery service
1,i appreciated the quick and hassle free delivery service 
0,my for was delayed order weeks and no updates were provided
0,my order was delayed for update weeks and no updates were provided
0,my order was delayed for weeks and render no updates were provided
0,my order was delayed provided weeks and no updates were for
0,my order was delayed weeks and no updates were provided
0,live my order was delayed for weeks and no updates were provided
0,my order was render delayed for weeks and no updates were provided
0,my tell was delayed for weeks and no updates were provided
0,my order was delayed for weeks and no updates were provided
0,my ordain was delayed for weeks and no updates were provided
0,my order was delayed for weeks and no updates were provided
0,my order was delayed for weeks and no were provided
0,my order was delayed for weeks and no updates were provided 
1,the teacher the explained concepts clearly and engagingly
1,the teacher explained the concepts clearly conception and engagingly
1,the teacher explained the winsomely concepts clearly and engagingly
1,the teacher the explained concepts clearly and engagingly
1,the teacher explained the concepts clearly and engagingly
1,the teacher explained the concepts and clearly engagingly
1,the teacher explained the construct clearly and engagingly
1,teacher explained the concepts clearly and
1,the teacher instructor explained the concepts clearly and engagingly
1,the teacher explained the concepts clearly and winsomely
1,the teacher explained the concepts clearly and engagingly
1,clearly teacher explained the concepts the and engagingly
1,the teacher explained the concepts clearly and engagingly 
0,the lecture was monotone and hard to follow
0,the lecture was monotonous and hard to flat follow
0,the lecture was monotonous hard and to follow
0,keep abreast the lecture was monotonous and hard to follow
0,the lecture was monotonous follow hard to and
0,the lecture was monotonous and hard to be
0,hard lecture was monotonous and the to follow
0,the lecture was monotonous and hard follow
0,the severely lecture was monotonous and hard to follow
0,monotonous and hard to
0,the chew out was monotonous and hard to follow
0,the keep abreast lecture was monotonous and hard to follow
0,the lecture was monotonous and hard to follow 
1,the museum exhibit was fascinating and well organized
1,the museum exhibit was well and fascinating organized
1,the museum exhibit was captivate and well organized
1,the museum exhibit was fascinating and fountainhead organized
1,the museum exhibit was well and fascinating organized
1,the museum exhibit was fascinating and well organized
1,the museum exhibit was organized and well fascinating
1,the museum exhibit was fascinating and engineer well organized
1,the museum demonstrate exhibit was fascinating and well organized
1,the museum march was fascinating and well organized
1,the museum exhibit was enchant and well organized
1,the museum exhibit was fascinating engineer and well organized
1,the museum exhibit was fascinating and well organized 
0,the exhibit was small and not charles frederick worth the entrance fee
0,not exhibit was small and the worth the entrance fee
0,the exhibit was small and not worth deserving the entrance fee
0,the exhibit was small and not wa worth the entrance fee
0,the exhibit was small and not worth the entrance fee
0,the exhibit and not worth the entrance fee
0,the exhibit was small and not deserving the entrance fee
0,the present was small and not worth the entrance fee
0,the catch exhibit was small and not worth the entrance fee
0,the exhibit small was and not worth the entrance fee
0,the exhibit was diminished and not worth the entrance fee
0,non the exhibit was small and not worth the entrance fee
0,the exhibit was small and not worth the entrance fee 
1,the park was clean and a great place unwind to relax
1,the park was clean and a great place wa to relax
1,the park was clean and a great place to slack up
1,the was clean and a great place to relax
1,the park was clean and a piazza great place to relax
1,the park was clean and a relax place to great
1,the park was clean living and a great place to relax
1,the park was clean and a great to relax
1,the park antiophthalmic factor was clean and a great place to relax
1,place park was clean and a great the to relax
1,the park was clean living and a great place to relax
1,the park was clean and a great place to relax
1,the park was clean and a great place to relax 
0,the and was overcrowded park poorly maintained
0,the park was overcrowded and poorly maintained
0,the and was overcrowded park poorly maintained
0,the park was overcrowded and poorly maintained
0,the park parkland was overcrowded and poorly maintained
0,the park was overcrowded and poorly asseverate
0,the park was overcrowded and indisposed maintained
0,the park was overcrowded and poorly maintained
0,the park was overcrowded and poorly maintained
0,and park was overcrowded the poorly maintained
0,the poorly was overcrowded and park maintained
0,the park wa was overcrowded and poorly maintained
0,the park was overcrowded and poorly maintained 
1,found i the puzzle game challenging and fun
1,the found i puzzle game challenging and fun
1,i found the puzzle game challenging and merriment
1,i found the puzzle game challenging and fun
1,i found the puzzle game ambitious and fun
1,i found the flummox game challenging and fun
1,i found the fun game challenging and puzzle
1,i found the puzzle game challenging and teaser fun
1,i found the puzzle game challenging determine and fun
1,i found the puzzle game challenging and fun
1,i found puzzle game challenging and fun
1,i found the puzzle game punt challenging and fun
1,i found the puzzle game challenging and fun 
0,the puzzles were too easy and got oil production quickly
0,the puzzles were too got boring quickly
0,the vex were too easy and got boring quickly
0,the got were too easy and puzzles boring quickly
0,the puzzles were too easy and quickly boring got
0,the puzzles were too easy and excessively got boring quickly
0,the puzzles were too easy and got boring quickly
0,the puzzles too easy and got boring quickly
0,the puzzles were too easy and got tire quickly
0,tedious the puzzles were too easy and got boring quickly
0,the puzzles were too live easy and got boring quickly
0,the puzzles were too easy and got boring quickly
0,the puzzles were too easy and got boring quickly 
1,the airline staff were courteous and accommodating
1,the airline staff were courteous accommodating
1,the airline staff were courteous and adapt
1,the airline business staff were courteous and accommodating
1,the airway staff were courteous and accommodating
1,the airline staff were courteous and stave accommodating
1,the airline courteous were staff and accommodating
1,the airline and were courteous staff accommodating
1,the airline staff were courteous and accommodating
1,the airline business airline staff were courteous and accommodating
1,the airline staff were gracious and accommodating
1,the courteous staff were airline and accommodating
1,the airline staff were courteous and accommodating 
0,the flight was delayed and no compensation was offered
0,the compensation was delayed and no flight was offered
0,the flight was delayed and no recompense was offered
0,the flight was delayed and no compensation no more was offered
0,the flight was delayed no compensation was offered
0,the flight was delayed and no compensation was offered
0,compensation flight was delayed and no the was offered
0,the flight was delayed and no recompense was offered
0,the flight was delayed and no compensation was declare oneself
0,the flight of stairs flight was delayed and no compensation was offered
0,the flight no delayed and was compensation was offered
0,the flight was delayed and no compensation offered
0,the flight was delayed and no compensation was offered 
1,the workshop provided valuable hands on experience
1,the workshop provided worthful hands on experience
1,experience workshop provided valuable hands on the
1,the workshop provided valuable hands on experience
1,the workshop provided shop valuable hands on experience
1,the workshop experience valuable hands on provided
1,the workshop provided worthful hands on experience
1,the workshop provided valuable along hands on experience
1,the workshop provided valuable hands on experience
1,the workshop provided valuable hands on experience
1,the workshop provided valuable deal on experience
1,the workshop worthful provided valuable hands on experience
1,the workshop provided valuable hands on experience 
0,the seminar was hardheaded boring and lacked practical information
0,seminar was boring and lacked practical information
0,the seminar was boring and lacked practical information
0,the seminar was boring and lacked practical information
0,the seminar was entropy boring and lacked practical information
0,the seminar was boring and lacked hardheaded information
0,the seminar was boring and lacked hard nosed information
0,the seminar boring was and lacked practical information
0,the seminar was miss boring and lacked practical information
0,the seminar was boring and lacked practical entropy
0,the seminar was boring information lacked practical and
0,the seminar was boring and lacked practical information
0,the seminar was boring and lacked practical information 
1,i love the bright mark and fresh colors of this brands clothes
1,i love the bright and fresh of this brands clothes
1,i love the bright and fresh colors of this brands clothes
1,i the bright and fresh colors of this brands clothes
1,i love the bright and fresh colors of this brands clothes
1,i love the bright and fresh colors of burnished this brands clothes
1,i love the bright and fresh colors of this brands adorn
1,i brands the bright and fresh colors of this love clothes
1,i love fresh bright and the colors of this brands clothes
1,i love the bright and fresh mark colors of this brands clothes
1,i love the bright and fresh colors of this brands apparel
1,i love the bright and fresh colors of this brands clothes
1,i love the bright and fresh colors of this brands clothes 
0,the material of the clothes feels and uncomfortable
0,the material of the clothes cheesy feels cheap and uncomfortable
0,the material of the clothes feels punk and uncomfortable
0,the material of the clothes feels cheap and uncomfortable
0,the material of the clothes feels cheap and uncomfortable
0,the material of the clothes cheesy feels cheap and uncomfortable
0,the substantial of the clothes feels cheap and uncomfortable
0,the feels of the clothes material cheap and uncomfortable
0,the material of real the clothes feels cheap and uncomfortable
0,the material of the clothes and cheap feels uncomfortable
0,the material of the clothes feels cheap uncomfortable and
0,the material of the clothes feels cheap and uncomfortable
0,the material of the clothes feels cheap and uncomfortable 
1,the webinar was interactive and kept my aid throughout
1,the webinar was interactive aid and kept my attention throughout
1,the webinar was interactive and kept my throughout attention
1,the webinar was interactive and kept my attention throughout
1,the webinar was interactive and kept my synergistic attention throughout
1,the webinar was interactive and kept my attention throughout
1,the synergistic webinar was interactive and kept my attention throughout
1,the webinar was interactive and synergistic kept my attention throughout
1,the webinar was interactive and preserve my attention throughout
1,the webinar was interactive attention kept my and throughout
1,the webinar was interactional and kept my attention throughout
1,the webinar was interactive and kept my attention throughout
1,the webinar was interactive and kept my attention throughout 
0,the presentation had too many technical issues
0,the many had too presentation technical issues
0,the presentation had too many issues technical
0,the presentation had too many technical take
0,the presentation had too have got many technical issues
0,the had presentation too many technical issues
0,the demonstration had too many technical issues
0,the introduction had too many technical issues
0,the presentation had too many technical issues
0,the presentation had too many proficient technical issues
0,the presentation had too many issues
0,the presentation had too many technical outlet issues
0,the presentation had too many technical issues 
1,the coffee was rich aromatic and perfectly brew
1,coffee bean the coffee was rich aromatic and perfectly brewed
1,the coffee was rich aromatic and perfectly brewed
1,the dead coffee was rich aromatic and perfectly brewed
1,the dead coffee was rich aromatic and perfectly brewed
1,the coffee was rich aromatic and perfectly brewed
1,the coffee was fat aromatic and perfectly brewed
1,the coffee was rich aromatic and dead brewed
1,the coffee was rich aromatic and brewed perfectly
1,the coffee was rich aromatic and perfectly brew
1,the coffee was brew rich aromatic and perfectly brewed
1,the coffee was rich aromatic and perfectly brewed
1,the coffee was rich aromatic and perfectly brewed 
0,the coffee was cold and tasted burned over
0,cold blooded the coffee was cold and tasted burnt
0,the chocolate was cold and tasted burnt
0,the coffee was tasted and cold burnt
0,tasted coffee was cold and the burnt
0,the cold was coffee and tasted burnt
0,the coffee was low temperature and tasted burnt
0,the coffee tasted cold and was burnt
0,the coffee was cold and tasted burnt
0,the cold blooded coffee was cold and tasted burnt
0,the cold and tasted burnt
0,the coffee was cold and tasted burnt
0,the coffee was cold and tasted burnt 
1,relaxing spa provided a the and rejuvenating experience
1,the spa provided a slack up and rejuvenating experience
1,the spa provided a render relaxing and rejuvenating experience
1,the spa provided a relaxing and rejuvenating experience
1,the spa provided a relaxing and restore experience
1,the spa provided see a relaxing and rejuvenating experience
1,the spa provided watering place a relaxing and rejuvenating experience
1,the spa provided relaxing and rejuvenating experience
1,the spa provided a unwind and rejuvenating experience
1,the spa provided a relax and rejuvenating experience
1,the spa a provided relaxing and rejuvenating experience
1,the spa provided a relaxing and rejuvenating experience
1,the spa provided a relaxing and rejuvenating experience 
0,the massage felt up rushed and wasnt worth the price
0,the massage and rushed felt wasnt worth the price
0,the massage felt and rushed wasnt worth the price
0,rushed massage felt the and wasnt worth the price
0,the massage felt rushed and wasnt worth the price
0,the massage felt rushed and wasnt worth the price
0,the massage felt rushed and wasnt worth the toll
0,the rub down felt rushed and wasnt worth the price
0,the massage felt rushed wasnt and worth the price
0,the massage felt rushed and wasnt worth the price
0,the massage felt race rushed and wasnt worth the price
0,knead the massage felt rushed and wasnt worth the price
0,the massage felt rushed and wasnt worth the price 
1,the new feature in the app made my tasks lots easier
1,the new feature in the app attain my tasks much easier
1,labor the new feature in the app made my tasks much easier
1,the new feature in the app made my tasks much well heeled
1,the new feature in much app made my tasks the easier
1,the new feature in the app made my tasks much easier
1,the new feature in the app tasks my made much easier
1,the new feature in the app made my tasks much unexampled easier
1,the new in the app made my tasks much easier
1,the new feature in the app made my tasks much gentle
1,the new feature in the app made establish my tasks much easier
1,the new feature in the app made my tasks much easier
1,the new feature in the app made my tasks much easier 
0,the bugs introduced more update than it fixed
0,the update introduced more beleaguer bugs than it fixed
0,fixed update introduced more bugs than it the
0,the update introduced more bugs than it fixed
0,the update introduced more bugs mend than it fixed
0,more than the update introduced more bugs than it fixed
0,the update introduced more bugs than it cook
0,the update introduced more bugs than it fixed
0,the update introduced more bugs than it fixed
0,the update introduced more bugs than it pay back
0,the update introduced more bugs than fixed it
0,the update innovate more bugs than it fixed
0,the update introduced more bugs than it fixed 
1,the vacation package was affordable and well organized
1,the holiday package was affordable and well engineer organized
1,the holiday package was affordable low priced and well organized
1,the holiday package was affordable and easily organized
1,the holiday package was affordable and well organized
1,and holiday package was affordable the well organized
1,the holiday package was affordable and well organized
1,the vacation package was affordable and well organized
1,the holiday package was affordable and well organized
1,the holiday package was engineer affordable and well organized
1,the holiday package wa was affordable and well organized
1,the holiday package was affordable and well organized
1,the holiday package was affordable and well organized 
0,the trip was disorganized and caused a lot of frustration
0,the trip was disorganized and caused a lot of defeat
0,the trip was of and caused a lot disorganized frustration
0,the trip was disorganized and caused a shell out of frustration
0,the trip was disorganized and caused wa a lot of frustration
0,was trip the disorganized and caused a lot of frustration
0,the trip was disorganized and caused a lot of defeat
0,the trip was disorganized caused a lot of frustration
0,the a was disorganized and caused trip lot of frustration
0,the trip was disorganized and caused a lot of frustration
0,the trip was disorganized and caused a lot of frustration
0,the trip was disorganized and caused foiling a lot of frustration
0,the trip was disorganized and caused a lot of frustration 
1,the lecture series inspired more to learn me about the topic
1,the lecture serial inspired me to learn more about the topic
1,the lecture series inspire me to learn more about the topic
1,the lecture series inspired me to learn more about the topic
1,the lecture series inspired me to learn more more than about the topic
1,the chew up series inspired me to learn more about the topic
1,the lecture inspired series me to learn more about the topic
1,divine the lecture series inspired me to learn more about the topic
1,the lecture series inspired me to learn more about the topic
1,the lecture series inspired the to learn more about me topic
1,inspired lecture series the me to learn more about the topic
1,the lecture series inspired me to learn more about the topic
1,the lecture series inspired me to learn more about the topic 
0,the course was poorly structured lilliputian and offered little value
0,the course and poorly structured was offered little value
0,the course was poorly structured and offer up little value
0,the course and poorly structured was offered little value
0,the course was course of study poorly structured and offered little value
0,the course was poorly structured and extend little value
0,the course was poorly structured and offered little value
0,the course was poorly structured and offered little value
0,the course was little structured and offered poorly value
0,under the weather the course was poorly structured and offered little value
0,the course was poorly structured and offered little measure
0,the course was poorly structured and offered integrated little value
0,the course was poorly structured and offered little value 
1,the gym has top notch equipment upside and friendly staff
1,the stave gym has top notch equipment and friendly staff
1,the gym has top notch equipment and friendly staff
1,the gym has top notch equipment and friendly staff
1,the gym and top notch equipment has friendly staff
1,the upside gym has top notch equipment and friendly staff
1,the gymnasium has top notch equipment and friendly staff
1,the gym has top notch equipment staff friendly and
1,the gym has top notch equipment and well disposed staff
1,the gym has top notch equipment and friendly staff
1,the gym has top notch and equipment friendly staff
1,the gym has top notch equipment and friendly staff
1,the gym has top notch equipment and friendly staff 
0,the machines were place and the outdated was dirty
0,the machines were outdated and the bemire place was dirty
0,the machines was outdated and the place were dirty
0,the machines were outdated and dirty place was the
0,the car were outdated and the place was dirty
0,the machines were outdated and the place was dirty
0,the machines were out of date and the place was dirty
0,the machines were outdated and the place was dirty
0,the machines were outdated and the place was dirty
0,the machines were out of date and the place was dirty
0,the machines were outdated piazza and the place was dirty
0,the machines were outdated and the place was soiled
0,the machines were outdated and the place was dirty 
1,the dessert was delicious wa and beautifully presented
1,the dessert was delicious and beautifully presented
1,the dessert was pleasant tasting delicious and beautifully presented
1,the dessert was delicious and beautifully pose
1,the dessert was delicious and beautifully presented
1,the dessert was attractively delicious and beautifully presented
1,beautifully dessert was delicious and the presented
1,the dessert was delicious presented beautifully and
1,the dessert was delicious and attractively presented
1,the dessert was delicious and beautifully presented
1,and dessert was delicious the beautifully presented
1,the dessert was delicious and presented beautifully
1,the dessert was delicious and beautifully presented 
0,the cake was dry and lacked flavor
0,the cake was dry and lacked savour flavor
0,the patty was dry and lacked flavor
0,the cake lacked dry and was flavor
0,the coat was dry and lacked flavor
0,the cake was dry and lacked flavor
0,cake was dry and lacked flavor
0,the cake was dry lacked and flavor
0,the cake was flavor and lacked dry
0,and cake was dry the lacked flavor
0,the cake was dry dry out and lacked flavor
0,the patty was dry and lacked flavor
0,the cake was dry and lacked flavor 
1,i found the navigate easy to website and well designed
1,i found the website easy and navigate to well designed
1,i found the easy website to navigate and well designed
1,i found the website easy to navigate and well site designed
1,i found website easy to navigate and well designed
1,i found the website easy to navigate and well designed
1,i found the web site easy to navigate and well designed
1,i found the website well heeled to navigate and well designed
1,i see the website easy to navigate and well designed
1,i found the website easy to navigate well and designed
1,i found the website easy to site navigate and well designed
1,i found the website easy to navigate and well designed
1,i found the website easy to navigate and well designed 
0,the place is slow and crashes frequently
0,the site is frequently and crashes slow
0,the site is slow and crashes frequently
0,the frequently is slow and crashes site
0,the site is slow and crashes frequently
0,the site is slow and crashes frequently
0,the site is slow and crashes frequently
0,the site slow is and crashes frequently
0,the site is retard and crashes frequently
0,the clangour site is slow and crashes frequently
0,the site is often slow and crashes frequently
0,the locate is slow and crashes frequently
0,the site is slow and crashes frequently 
1,the computer software update improved the systems performance
1,the software update improved software package the systems performance
1,the software update improved the systems performance
1,the software update improved the software package systems performance
1,the software systems improved the update performance
1,improved software update the the systems performance
1,the software update improved the systems functioning
1,the software meliorate update improved the systems performance
1,the software update improved the systems performance
1,the software package update improved the systems performance
1,the software update improved software package the systems performance
1,systems software update improved the the performance
1,the software update improved the systems performance 
0,the latest update caused more errors than betterment
0,latest update caused more errors improvements
0,the latest improvements caused more errors than update
0,the latest update caused more errors than improvements
0,the latest update more than caused more errors than improvements
0,the latest update previous caused more errors than improvements
0,the latest update caused induce more errors than improvements
0,the latest update caused more errors than improvements
0,the more update caused latest errors than improvements
0,the latest update induce more errors than improvements
0,the latest update have more errors than improvements
0,the latest update caused errors more than improvements
0,the latest update caused more errors than improvements 
1,the streaming was excellent without any buffering
1,the streaming buffer quality was excellent without any buffering
1,the excellent quality was streaming without any buffering
1,the swarm quality was excellent without any buffering
1,the streaming quality was excellent without any buffering
1,the streaming quality was excellent without any buffer
1,the streaming quality was pour excellent without any buffering
1,first class the streaming quality was excellent without any buffering
1,the rain cats and dogs quality was excellent without any buffering
1,the streaming quality was excellent without any buffering
1,the streaming was quality excellent without any buffering
1,without streaming quality was excellent the any buffering
1,the streaming quality was excellent without any buffering 
0,the video kept freezing deflower ruining my viewing experience
0,the video kept freezing ruining my viewing experience
0,the video tv kept freezing ruining my viewing experience
0,the video experience freezing ruining my viewing kept
0,the video kept freeze down ruining my viewing experience
0,the video kept freezing ruining my viewing experience
0,video kept freezing ruining my viewing experience
0,the video kept proceed freezing ruining my viewing experience
0,the video kept freezing ruining my viewing have
0,the video kept freezing ruining my wake experience
0,the video kept freezing ruining viewing my experience
0,video kept freezing ruining my viewing experience
0,the video kept freezing ruining my viewing experience 
1,the stash away offers a wide variety of fresh and organic produce
1,the store offers a variety wide of fresh and organic produce
1,the store offers a variety of fresh and organic produce
1,the store offers a wide variety of tonic and organic produce
1,the store offers a wide variety of mixture fresh and organic produce
1,the store offers a wide variety of fresh and organic produce
1,the store offers a wide variety of fresh and organic develop produce
1,the and offers a wide variety of fresh store organic produce
1,the store offers a wide variety of fresh and organic bring out
1,the store offers a wide variety of fresh develop and organic produce
1,the store offers a wide variety of fresh and organic produce
1,the store offers a wide variety of organic and fresh produce
1,the store offers a wide variety of fresh and organic produce 
0,many of the and were wilted vegetables overpriced
0,many of the vegetables were wilted veg and overpriced
0,many of the vegetables were wilted and overpriced
0,many of the vegetables were wilt and overpriced
0,overprice many of the vegetables were wilted and overpriced
0,many of the vegetables were wilted and overpriced
0,many of the vegetables were wilted and overpriced
0,many of the overpriced were wilted and vegetables
0,many of the vegetables were droop and overpriced
0,overprice many of the vegetables were wilted and overpriced
0,many of wilted vegetables were the and overpriced
0,many of the vegetables were overpriced and wilted
0,many of the vegetables were wilted and overpriced 
1,amenities hotel provided exceptional room service and the
1,the hotel and exceptional room service provided amenities
1,the hotel provided exceptional room service and amenities
1,the hotel ply exceptional room service and amenities
1,and hotel provided exceptional room service the amenities
1,the exceeding hotel provided exceptional room service and amenities
1,room hotel provided exceptional the service and amenities
1,the hotel provided exceptional room service and amenities
1,the hotel provided exceptional room service conveniences and amenities
1,the hotel exceeding provided exceptional room service and amenities
1,the hotel provided exceptional room service and amenities
1,the hotel provided exceptional room service amenities
1,the hotel provided exceptional room service and amenities 
0,the staff was unhelpful and the agreeableness were limited
0,the staff was unhelpful and the amenities were limited
0,the staff was unhelpful and the amenities were modified
0,the staff was unhelpful and limited amenities were the
0,the staff conveniences was unhelpful and the amenities were limited
0,the staff was unhelpful and the amenities live were limited
0,the staff was unhelpful and the amenities were limited
0,the and was unhelpful staff the amenities were limited
0,the staff was unhelpful and the amenities were throttle
0,the staff was unhelpful and wa the amenities were limited
0,the staff was unhelpful and the amenities were limited
0,the staff limited unhelpful and the amenities were was
0,the staff was unhelpful and the amenities were limited 
1,wa the childrens book was imaginative and fun to read
1,the childrens book rule book was imaginative and fun to read
1,the childrens book was imaginative and fun to interpret
1,the childrens book was imaginative and fun to record
1,the inventive childrens book was imaginative and fun to read
1,the childrens book was imaginative and fun to read
1,the childrens book was imaginative and fun to take
1,the childrens book was imaginative and fun to read
1,the childrens play book was imaginative and fun to read
1,the childrens book was imaginative and fun to register
1,was childrens book the imaginative and fun to read
1,the childrens book to imaginative and fun was read
1,the childrens book was imaginative and fun to read 
0,engage story lacked depth and didnt the my child
0,the story lack depth and didnt engage my child
0,the story lacked depth and didnt engage my child
0,the story miss depth and didnt engage my child
0,the story lacked depth and didnt engage profundity my child
0,the story lacked profundity and didnt engage my child
0,the story lacked depth miss and didnt engage my child
0,the story lack depth and didnt engage my child
0,the story child depth and didnt engage my lacked
0,the story lacked depth and didnt engage my profundity child
0,the story lacked depth and didnt engage my child
0,the story lacked depth and didnt history engage my child
0,the story lacked depth and didnt engage my child 
1,the festival had euphony a vibrant atmosphere with great music
1,the festival had a vibrant have got atmosphere with great music
1,the festival had large a vibrant atmosphere with great music
1,the festival a had vibrant atmosphere with great music
1,the fete had a vibrant atmosphere with great music
1,the festival had a vibrant atmosphere with great music
1,the festival had a vibrant fete atmosphere with great music
1,the festival had a vibrant atmosphere with smashing music
1,the festival had a vibrant standard pressure with great music
1,the festival had a vibrant atmosphere with majuscule music
1,the festival had with vibrant atmosphere a great music
1,the festival had a vibrant music with great atmosphere
1,the festival had a vibrant atmosphere with great music 
0,the event overcrowd was poorly organized and overcrowded
0,the event was organized poorly and overcrowded
0,the event was poorly organized overcrowd and overcrowded
0,the event was poorly organized and overcrowded
0,the event was organized and overcrowded
0,the poorly was event organized and overcrowded
0,overcrowded event was poorly organized and the
0,the event was poorly organized and overcrowd
0,was event the poorly organized and overcrowded
0,the engineer event was poorly organized and overcrowded
0,the engineer event was poorly organized and overcrowded
0,the event was poorly organize and overcrowded
0,the event was poorly organized and overcrowded 
1,the recipe was easy to follow and produced tasty
1,the recipe was easy to follow and produced tasty results
1,the recipe was loose to follow and produced tasty results
1,the recipe was easy to keep abreast and produced tasty results
1,the recipe was easy to follow and produced tasty answer results
1,the recipe was easy prosperous to follow and produced tasty results
1,the recipe develop was easy to follow and produced tasty results
1,the produced was easy to follow and recipe tasty results
1,the recipe was easy to follow and produced tasty results
1,tasty recipe was easy to follow and produced the results
1,the recipe was leisurely to follow and produced tasty results
1,the formula was easy to follow and produced tasty results
1,the recipe was easy to follow and produced tasty results 
0,the instructions were unclear and the dish didnt turn out swell
0,the instructions were unclear and the dish didnt turn out fountainhead
0,the instructions were unclear and the dishful didnt turn out well
0,the instructions the unclear and were dish didnt turn out well
0,the were unclear and the dish didnt turn out well
0,the instructions were dish and the unclear didnt turn out well
0,the instructions were and the dish didnt turn out well
0,away the instructions were unclear and the dish didnt turn out well
0,the instructions were unclear and the dish turn didnt out well
0,the instructions were unclear and the dish didnt turn out saucer well
0,the instructions were unclear and the dish ferment didnt turn out well
0,the instructions were unclear and the dish didnt turn out well
0,the instructions were unclear and the dish didnt turn out well 
1,the support team resolved my answer issue quickly and efficiently
1,the support team resolved my issue quickly and efficiently
1,the support team resolved my issue quickly and expeditiously
1,the support team resolved my issue quickly and efficiently
1,the support team resolved my issue financial backing quickly and efficiently
1,the support team resolved my answer issue quickly and efficiently
1,the resolved team support my issue quickly and efficiently
1,the support team resolved my issue quickly and efficiently
1,the support team resolved my issue quickly and efficiently
1,the support team resolved my issue rapidly and efficiently
1,the support team resolved issue my quickly and efficiently
1,the support team solve my issue quickly and efficiently
1,the support team resolved my issue quickly and efficiently 
0,wa customer support was slow and unhelpful
0,customer support was tiresome and unhelpful
0,customer documentation was slow and unhelpful
0,customer and was slow support unhelpful
0,customer support was slow and unhelpful
0,customer support was and slow unhelpful
0,financial backing customer support was slow and unhelpful
0,customer support was slow and unhelpful
0,customer support was slow unhelpful and
0,customer support was slow and unhelpful
0,customer support was slow client and unhelpful
0,customer abide was slow and unhelpful
0,customer support was slow and unhelpful 
1,the adventure tour was exciting and well worth the money
1,the adventure tour was exciting deserving and well worth the money
1,money adventure tour was exciting and well worth the the
1,was adventure tour the exciting and well worth the money
1,the adventure tour was exciting wa and well worth the money
1,the adventure tour was exciting money well worth the and
1,the good adventure tour was exciting and well worth the money
1,the gamble adventure tour was exciting and well worth the money
1,the chance tour was exciting and well worth the money
1,the adventure tour was exciting and well deserving the money
1,the adventure tour money exciting and well worth the was
1,the adventure tour was exciting and well worth the money
1,the adventure tour was exciting and well worth the money 
0,the misstep tour guide was inexperienced and the trip was disappointing
0,the tour guide was inexperienced and the trip
0,the tour guide was inexperienced and the trip was disappoint
0,the tour guide inexperienced was and the trip was disappointing
0,the tour guide inexperienced and the trip was disappointing
0,the tour guide was inexperienced and the trip was disappointing
0,the tour guide was inexperienced wa and the trip was disappointing
0,inexperienced tour guide was the and the trip was disappointing
0,the tour lead was inexperienced and the trip was disappointing
0,the tour guide was inexperienced and the trip was disappointing
0,wa the tour guide was inexperienced and the trip was disappointing
0,the inexperienced guide was tour and the trip was disappointing
0,the tour guide was inexperienced and the trip was disappointing 
1,the movie was and stunning visually left a lasting impression
